Customer_ID,Customer_Name,City,State,Region,Customer_Segment
CUST00001,Arjun Sharma,Patna,Bihar,East,Corporate
CUST00002,Karan Patel,Chennai,Tamil Nadu,South,Small Business
CUST00003,Arjun Joshi,Patna,Bihar,East,Small Business
CUST00004,Aditya Mehta,Delhi,Delhi,North,Consumer
CUST00005,Aarav Verma,Mumbai,Maharashtra,West,Consumer
CUST00006,Zoya Mehta,Hyderabad,Telangana,South,Small Business
CUST00007,Vikram Malik,Bhubaneswar,Odisha,East,Small Business
CUST00008,Sara Singh,Mumbai,Maharashtra,West,Corporate
CUST00009,Riya Khan,Hyderabad,Telangana,South,Consumer
CUST00010,Kavya Gupta,Pune,Maharashtra,West,Consumer
CUST00011,Vikram Das,Ahmedabad,Gujarat,West,Consumer
CUST00012,Aditya Singh,Bengaluru,Karnataka,South,Corporate
CUST00013,Neha Mehta,Pune,Maharashtra,West,Consumer
CUST00014,Isha Rao,Bengaluru,Karnataka,South,Corporate
CUST00015,Aditya Rao,Pune,Maharashtra,West,Small Business
CUST00016,Diya Iyer,Ahmedabad,Gujarat,West,Small Business
CUST00017,Vikram Malik,Bengaluru,Karnataka,South,Consumer
CUST00018,Karan Das,Pune,Maharashtra,West,Consumer
CUST00019,Karan Nair,Bengaluru,Karnataka,South,Corporate
CUST00020,Ananya Kumar,Bhubaneswar,Odisha,East,Corporate
CUST00021,Rohan Gupta,Ahmedabad,Gujarat,West,Consumer
CUST00022,Ananya Malik,Bhubaneswar,Odisha,East,Small Business
CUST00023,Aditya Mehta,Bhubaneswar,Odisha,East,Consumer
CUST00024,Sara Malik,Mumbai,Maharashtra,West,Consumer
CUST00025,Isha Singh,Pune,Maharashtra,West,Small Business
CUST00026,Sara Patel,Bhubaneswar,Odisha,East,Corporate
CUST00027,Vivaan Patel,Hyderabad,Telangana,South,Corporate
CUST00028,Sneha Khan,Bengaluru,Karnataka,South,Consumer
CUST00029,Riya Iyer,Patna,Bihar,East,Corporate
CUST00030,Vikram Joshi,Jaipur,Rajasthan,North,Corporate
CUST00031,Isha Reddy,Pune,Maharashtra,West,Consumer
CUST00032,Karan Malik,Lucknow,Uttar Pradesh,North,Small Business
CUST00033,Ananya Malik,Kolkata,West Bengal,East,Corporate
CUST00034,Riya Singh,Ahmedabad,Gujarat,West,Consumer
CUST00035,Rahul Rao,Jaipur,Rajasthan,North,Consumer
CUST00036,Vivaan Nair,Bengaluru,Karnataka,South,Consumer
CUST00037,Rohan Das,Bhubaneswar,Odisha,East,Corporate
CUST00038,Diya Verma,Delhi,Delhi,North,Corporate
CUST00039,Diya Kumar,Lucknow,Uttar Pradesh,North,Corporate
CUST00040,Sara Nair,Hyderabad,Telangana,South,Small Business
CUST00041,Arjun Joshi,Lucknow,Uttar Pradesh,North,Corporate
CUST00042,Priya Verma,Pune,Maharashtra,West,Corporate
CUST00043,Rohan Kumar,Hyderabad,Telangana,South,Small Business
CUST00044,Ananya Rao,Chennai,Tamil Nadu,South,Small Business
CUST00045,Arjun Nair,Bhubaneswar,Odisha,East,Corporate
CUST00046,Zoya Mehta,Mumbai,Maharashtra,West,Consumer
CUST00047,Neha Das,Chennai,Tamil Nadu,South,Small Business
CUST00048,Zoya Iyer,Hyderabad,Telangana,South,Small Business
CUST00049,Priya Kumar,Hyderabad,Telangana,South,Consumer
CUST00050,Neha Iyer,Pune,Maharashtra,West,Consumer
CUST00051,Vivaan Patel,Kolkata,West Bengal,East,Consumer
CUST00052,Aditya Malik,Jaipur,Rajasthan,North,Consumer
CUST00053,Sara Das,Chennai,Tamil Nadu,South,Consumer
CUST00054,Meera Rao,Chennai,Tamil Nadu,South,Corporate
CUST00055,Zoya Nair,Kolkata,West Bengal,East,Corporate
CUST00056,Vikram Iyer,Lucknow,Uttar Pradesh,North,Small Business
CUST00057,Vikram Malik,Pune,Maharashtra,West,Corporate
CUST00058,Neha Kumar,Lucknow,Uttar Pradesh,North,Corporate
CUST00059,Arjun Patel,Mumbai,Maharashtra,West,Consumer
CUST00060,Priya Sharma,Kolkata,West Bengal,East,Small Business
CUST00061,Karan Mehta,Mumbai,Maharashtra,West,Consumer
CUST00062,Aditya Malik,Bhubaneswar,Odisha,East,Consumer
CUST00063,Karan Verma,Hyderabad,Telangana,South,Corporate
CUST00064,Aditya Rao,Mumbai,Maharashtra,West,Corporate
CUST00065,Meera Patel,Lucknow,Uttar Pradesh,North,Consumer
CUST00066,Riya Mehta,Jaipur,Rajasthan,North,Consumer
CUST00067,Meera Das,Delhi,Delhi,North,Consumer
CUST00068,Arjun Verma,Bhubaneswar,Odisha,East,Corporate
CUST00069,Neha Singh,Delhi,Delhi,North,Corporate
CUST00070,Vivaan Joshi,Bhubaneswar,Odisha,East,Small Business
CUST00071,Arjun Sharma,Delhi,Delhi,North,Small Business
CUST00072,Priya Das,Bengaluru,Karnataka,South,Consumer
CUST00073,Vikram Patel,Lucknow,Uttar Pradesh,North,Corporate
CUST00074,Rahul Singh,Chennai,Tamil Nadu,South,Corporate
CUST00075,Isha Patel,Bengaluru,Karnataka,South,Corporate
CUST00076,Sara Verma,Hyderabad,Telangana,South,Small Business
CUST00077,Sara Nair,Hyderabad,Telangana,South,Consumer
CUST00078,Karan Reddy,Delhi,Delhi,North,Corporate
CUST00079,Meera Patel,Delhi,Delhi,North,Consumer
CUST00080,Rohan Singh,Hyderabad,Telangana,South,Corporate
CUST00081,Ananya Iyer,Jaipur,Rajasthan,North,Corporate
CUST00082,Kavya Malik,Patna,Bihar,East,Small Business
CUST00083,Meera Reddy,Mumbai,Maharashtra,West,Corporate
CUST00084,Vikram Sharma,Kolkata,West Bengal,East,Small Business
CUST00085,Sara Sharma,Patna,Bihar,East,Corporate
CUST00086,Vivaan Sharma,Kolkata,West Bengal,East,Corporate
CUST00087,Zoya Iyer,Lucknow,Uttar Pradesh,North,Consumer
CUST00088,Vivaan Rao,Bengaluru,Karnataka,South,Consumer
CUST00089,Aditya Mehta,Bengaluru,Karnataka,South,Small Business
CUST00090,Karan Singh,Bengaluru,Karnataka,South,Small Business
CUST00091,Karan Mehta,Kolkata,West Bengal,East,Consumer
CUST00092,Diya Verma,Delhi,Delhi,North,Small Business
CUST00093,Riya Mehta,Lucknow,Uttar Pradesh,North,Corporate
CUST00094,Ananya Patel,Bhubaneswar,Odisha,East,Small Business
CUST00095,Priya Patel,Pune,Maharashtra,West,Corporate
CUST00096,Rahul Joshi,Bhubaneswar,Odisha,East,Corporate
CUST00097,Isha Gupta,Bengaluru,Karnataka,South,Consumer
CUST00098,Isha Mehta,Kolkata,West Bengal,East,Consumer
CUST00099,Aditya Rao,Mumbai,Maharashtra,West,Small Business
CUST00100,Ananya Reddy,Ahmedabad,Gujarat,West,Consumer
CUST00101,Karan Gupta,Pune,Maharashtra,West,Consumer
CUST00102,Isha Nair,Lucknow,Uttar Pradesh,North,Small Business
CUST00103,Aisha Mehta,Bhubaneswar,Odisha,East,Small Business
CUST00104,Aarav Joshi,Lucknow,Uttar Pradesh,North,Corporate
CUST00105,Arjun Iyer,Chennai,Tamil Nadu,South,Corporate
CUST00106,Arjun Iyer,Bengaluru,Karnataka,South,Small Business
CUST00107,Sara Reddy,Pune,Maharashtra,West,Corporate
CUST00108,Diya Patel,Patna,Bihar,East,Corporate
CUST00109,Vikram Joshi,Bhubaneswar,Odisha,East,Corporate
CUST00110,Zoya Kumar,Pune,Maharashtra,West,Consumer
CUST00111,Aditya Joshi,Delhi,Delhi,North,Corporate
CUST00112,Vivaan Sharma,Ahmedabad,Gujarat,West,Consumer
CUST00113,Ananya Reddy,Patna,Bihar,East,Corporate
CUST00114,Sara Malik,Delhi,Delhi,North,Small Business
CUST00115,Aarav Verma,Bengaluru,Karnataka,South,Small Business
CUST00116,Rahul Rao,Hyderabad,Telangana,South,Corporate
CUST00117,Riya Rao,Chennai,Tamil Nadu,South,Corporate
CUST00118,Rahul Sharma,Pune,Maharashtra,West,Corporate
CUST00119,Vivaan Iyer,Ahmedabad,Gujarat,West,Consumer
CUST00120,Karan Joshi,Bengaluru,Karnataka,South,Corporate
CUST00121,Sara Iyer,Delhi,Delhi,North,Small Business
CUST00122,Rahul Iyer,Mumbai,Maharashtra,West,Consumer
CUST00123,Rohan Iyer,Delhi,Delhi,North,Consumer
CUST00124,Rohan Malik,Ahmedabad,Gujarat,West,Corporate
CUST00125,Karan Khan,Chennai,Tamil Nadu,South,Small Business
CUST00126,Arjun Singh,Hyderabad,Telangana,South,Corporate
CUST00127,Karan Patel,Jaipur,Rajasthan,North,Corporate
CUST00128,Aisha Nair,Mumbai,Maharashtra,West,Consumer
CUST00129,Aarav Joshi,Mumbai,Maharashtra,West,Corporate
CUST00130,Priya Khan,Bengaluru,Karnataka,South,Corporate
CUST00131,Neha Joshi,Lucknow,Uttar Pradesh,North,Corporate
CUST00132,Sara Gupta,Hyderabad,Telangana,South,Consumer
CUST00133,Ananya Reddy,Kolkata,West Bengal,East,Corporate
CUST00134,Vivaan Verma,Kolkata,West Bengal,East,Corporate
CUST00135,Neha Malik,Ahmedabad,Gujarat,West,Corporate
CUST00136,Diya Rao,Bengaluru,Karnataka,South,Corporate
CUST00137,Riya Patel,Pune,Maharashtra,West,Consumer
CUST00138,Kavya Sharma,Lucknow,Uttar Pradesh,North,Small Business
CUST00139,Vikram Gupta,Delhi,Delhi,North,Consumer
CUST00140,Priya Mehta,Ahmedabad,Gujarat,West,Small Business
CUST00141,Arjun Malik,Pune,Maharashtra,West,Small Business
CUST00142,Aisha Joshi,Delhi,Delhi,North,Corporate
CUST00143,Sneha Malik,Pune,Maharashtra,West,Small Business
CUST00144,Rahul Patel,Delhi,Delhi,North,Small Business
CUST00145,Sneha Joshi,Patna,Bihar,East,Consumer
CUST00146,Diya Mehta,Pune,Maharashtra,West,Corporate
CUST00147,Sara Nair,Hyderabad,Telangana,South,Corporate
CUST00148,Aisha Patel,Delhi,Delhi,North,Small Business
CUST00149,Diya Joshi,Ahmedabad,Gujarat,West,Corporate
CUST00150,Isha Kumar,Bhubaneswar,Odisha,East,Consumer
CUST00151,Zoya Kumar,Patna,Bihar,East,Consumer
CUST00152,Aditya Khan,Lucknow,Uttar Pradesh,North,Small Business
CUST00153,Diya Gupta,Bengaluru,Karnataka,South,Consumer
CUST00154,Aisha Patel,Mumbai,Maharashtra,West,Consumer
CUST00155,Aarav Sharma,Mumbai,Maharashtra,West,Corporate
CUST00156,Diya Nair,Bengaluru,Karnataka,South,Corporate
CUST00157,Kavya Iyer,Bhubaneswar,Odisha,East,Small Business
CUST00158,Vikram Malik,Patna,Bihar,East,Corporate
CUST00159,Meera Singh,Mumbai,Maharashtra,West,Consumer
CUST00160,Aarav Iyer,Bengaluru,Karnataka,South,Corporate
CUST00161,Karan Reddy,Patna,Bihar,East,Small Business
CUST00162,Isha Sharma,Lucknow,Uttar Pradesh,North,Consumer
CUST00163,Arjun Kumar,Chennai,Tamil Nadu,South,Corporate
CUST00164,Zoya Rao,Kolkata,West Bengal,East,Corporate
CUST00165,Isha Mehta,Patna,Bihar,East,Small Business
CUST00166,Kavya Nair,Lucknow,Uttar Pradesh,North,Corporate
CUST00167,Rohan Malik,Jaipur,Rajasthan,North,Corporate
CUST00168,Ananya Das,Mumbai,Maharashtra,West,Small Business
CUST00169,Ananya Das,Lucknow,Uttar Pradesh,North,Corporate
CUST00170,Karan Khan,Jaipur,Rajasthan,North,Consumer
CUST00171,Aisha Patel,Pune,Maharashtra,West,Corporate
CUST00172,Priya Iyer,Lucknow,Uttar Pradesh,North,Consumer
CUST00173,Rahul Reddy,Mumbai,Maharashtra,West,Corporate
CUST00174,Rahul Malik,Mumbai,Maharashtra,West,Consumer
CUST00175,Kavya Singh,Ahmedabad,Gujarat,West,Small Business
CUST00176,Isha Singh,Hyderabad,Telangana,South,Consumer
CUST00177,Kavya Singh,Kolkata,West Bengal,East,Small Business
CUST00178,Aarav Nair,Kolkata,West Bengal,East,Corporate
CUST00179,Meera Sharma,Ahmedabad,Gujarat,West,Corporate
CUST00180,Sneha Nair,Delhi,Delhi,North,Small Business
CUST00181,Sara Das,Kolkata,West Bengal,East,Consumer
CUST00182,Meera Patel,Pune,Maharashtra,West,Corporate
CUST00183,Meera Sharma,Delhi,Delhi,North,Corporate
CUST00184,Sneha Malik,Chennai,Tamil Nadu,South,Corporate
CUST00185,Rahul Mehta,Lucknow,Uttar Pradesh,North,Consumer
CUST00186,Sneha Mehta,Kolkata,West Bengal,East,Small Business
CUST00187,Aarav Verma,Bhubaneswar,Odisha,East,Corporate
CUST00188,Rahul Nair,Jaipur,Rajasthan,North,Consumer
CUST00189,Vivaan Khan,Delhi,Delhi,North,Corporate
CUST00190,Vikram Kumar,Ahmedabad,Gujarat,West,Corporate
CUST00191,Sneha Khan,Delhi,Delhi,North,Corporate
CUST00192,Aditya Kumar,Hyderabad,Telangana,South,Small Business
CUST00193,Sara Sharma,Ahmedabad,Gujarat,West,Consumer
CUST00194,Aditya Das,Bhubaneswar,Odisha,East,Consumer
CUST00195,Aarav Patel,Mumbai,Maharashtra,West,Consumer
CUST00196,Diya Reddy,Mumbai,Maharashtra,West,Consumer
CUST00197,Meera Joshi,Bengaluru,Karnataka,South,Small Business
CUST00198,Vikram Kumar,Patna,Bihar,East,Corporate
CUST00199,Neha Reddy,Kolkata,West Bengal,East,Small Business
CUST00200,Arjun Das,Chennai,Tamil Nadu,South,Corporate
CUST00201,Arjun Mehta,Hyderabad,Telangana,South,Corporate
CUST00202,Riya Joshi,Delhi,Delhi,North,Corporate
CUST00203,Vikram Verma,Kolkata,West Bengal,East,Small Business
CUST00204,Karan Verma,Patna,Bihar,East,Corporate
CUST00205,Diya Das,Bengaluru,Karnataka,South,Small Business
CUST00206,Vivaan Gupta,Lucknow,Uttar Pradesh,North,Corporate
CUST00207,Neha Verma,Lucknow,Uttar Pradesh,North,Small Business
CUST00208,Priya Sharma,Delhi,Delhi,North,Corporate
CUST00209,Arjun Singh,Ahmedabad,Gujarat,West,Small Business
CUST00210,Isha Malik,Chennai,Tamil Nadu,South,Corporate
CUST00211,Rohan Malik,Lucknow,Uttar Pradesh,North,Small Business
CUST00212,Ananya Mehta,Lucknow,Uttar Pradesh,North,Corporate
CUST00213,Isha Singh,Patna,Bihar,East,Small Business
CUST00214,Ananya Gupta,Mumbai,Maharashtra,West,Consumer
CUST00215,Ananya Iyer,Jaipur,Rajasthan,North,Consumer
CUST00216,Isha Mehta,Kolkata,West Bengal,East,Small Business
CUST00217,Sneha Gupta,Hyderabad,Telangana,South,Corporate
CUST00218,Priya Reddy,Jaipur,Rajasthan,North,Consumer
CUST00219,Neha Das,Pune,Maharashtra,West,Corporate
CUST00220,Ananya Iyer,Kolkata,West Bengal,East,Small Business
CUST00221,Ananya Rao,Hyderabad,Telangana,South,Small Business
CUST00222,Vikram Verma,Mumbai,Maharashtra,West,Small Business
CUST00223,Kavya Kumar,Lucknow,Uttar Pradesh,North,Consumer
CUST00224,Meera Joshi,Patna,Bihar,East,Corporate
CUST00225,Isha Das,Hyderabad,Telangana,South,Consumer
CUST00226,Aisha Patel,Delhi,Delhi,North,Small Business
CUST00227,Karan Khan,Bhubaneswar,Odisha,East,Small Business
CUST00228,Neha Kumar,Lucknow,Uttar Pradesh,North,Small Business
CUST00229,Neha Singh,Patna,Bihar,East,Small Business
CUST00230,Priya Gupta,Patna,Bihar,East,Corporate
CUST00231,Ananya Khan,Pune,Maharashtra,West,Consumer
CUST00232,Arjun Malik,Mumbai,Maharashtra,West,Corporate
CUST00233,Arjun Malik,Lucknow,Uttar Pradesh,North,Small Business
CUST00234,Rohan Patel,Mumbai,Maharashtra,West,Small Business
CUST00235,Meera Khan,Patna,Bihar,East,Small Business
CUST00236,Zoya Mehta,Pune,Maharashtra,West,Consumer
CUST00237,Vikram Khan,Mumbai,Maharashtra,West,Corporate
CUST00238,Rohan Khan,Hyderabad,Telangana,South,Small Business
CUST00239,Sara Reddy,Pune,Maharashtra,West,Consumer
CUST00240,Vivaan Rao,Pune,Maharashtra,West,Small Business
CUST00241,Rahul Joshi,Jaipur,Rajasthan,North,Consumer
CUST00242,Aarav Mehta,Pune,Maharashtra,West,Corporate
CUST00243,Meera Kumar,Ahmedabad,Gujarat,West,Consumer
CUST00244,Vivaan Khan,Jaipur,Rajasthan,North,Consumer
CUST00245,Aditya Singh,Jaipur,Rajasthan,North,Consumer
CUST00246,Riya Joshi,Bhubaneswar,Odisha,East,Consumer
CUST00247,Rahul Reddy,Kolkata,West Bengal,East,Corporate
CUST00248,Aditya Patel,Bengaluru,Karnataka,South,Small Business
CUST00249,Kavya Mehta,Kolkata,West Bengal,East,Small Business
CUST00250,Karan Das,Lucknow,Uttar Pradesh,North,Corporate
CUST00251,Isha Iyer,Jaipur,Rajasthan,North,Corporate
CUST00252,Riya Singh,Pune,Maharashtra,West,Small Business
CUST00253,Diya Sharma,Kolkata,West Bengal,East,Small Business
CUST00254,Arjun Das,Mumbai,Maharashtra,West,Small Business
CUST00255,Vikram Khan,Bhubaneswar,Odisha,East,Consumer
CUST00256,Rohan Patel,Chennai,Tamil Nadu,South,Small Business
CUST00257,Aditya Reddy,Hyderabad,Telangana,South,Corporate
CUST00258,Isha Malik,Kolkata,West Bengal,East,Corporate
CUST00259,Aisha Sharma,Mumbai,Maharashtra,West,Corporate
CUST00260,Aisha Malik,Jaipur,Rajasthan,North,Consumer
CUST00261,Karan Iyer,Pune,Maharashtra,West,Small Business
CUST00262,Riya Joshi,Mumbai,Maharashtra,West,Corporate
CUST00263,Arjun Rao,Mumbai,Maharashtra,West,Small Business
CUST00264,Rahul Iyer,Pune,Maharashtra,West,Consumer
CUST00265,Aditya Sharma,Chennai,Tamil Nadu,South,Corporate
CUST00266,Diya Malik,Kolkata,West Bengal,East,Corporate
CUST00267,Isha Verma,Jaipur,Rajasthan,North,Small Business
CUST00268,Aisha Malik,Delhi,Delhi,North,Corporate
CUST00269,Zoya Rao,Jaipur,Rajasthan,North,Corporate
CUST00270,Aditya Mehta,Hyderabad,Telangana,South,Corporate
CUST00271,Priya Mehta,Pune,Maharashtra,West,Consumer
CUST00272,Aditya Patel,Bhubaneswar,Odisha,East,Small Business
CUST00273,Riya Sharma,Bhubaneswar,Odisha,East,Corporate
CUST00274,Riya Sharma,Chennai,Tamil Nadu,South,Corporate
CUST00275,Zoya Joshi,Jaipur,Rajasthan,North,Corporate
CUST00276,Rohan Mehta,Delhi,Delhi,North,Small Business
CUST00277,Meera Verma,Jaipur,Rajasthan,North,Corporate
CUST00278,Kavya Gupta,Ahmedabad,Gujarat,West,Small Business
CUST00279,Arjun Nair,Chennai,Tamil Nadu,South,Corporate
CUST00280,Kavya Malik,Jaipur,Rajasthan,North,Corporate
CUST00281,Sneha Nair,Lucknow,Uttar Pradesh,North,Consumer
CUST00282,Isha Verma,Ahmedabad,Gujarat,West,Corporate
CUST00283,Priya Verma,Delhi,Delhi,North,Small Business
CUST00284,Aarav Joshi,Lucknow,Uttar Pradesh,North,Corporate
CUST00285,Kavya Sharma,Mumbai,Maharashtra,West,Small Business
CUST00286,Neha Mehta,Jaipur,Rajasthan,North,Small Business
CUST00287,Isha Das,Hyderabad,Telangana,South,Consumer
CUST00288,Ananya Rao,Chennai,Tamil Nadu,South,Corporate
CUST00289,Isha Iyer,Patna,Bihar,East,Corporate
CUST00290,Arjun Sharma,Bhubaneswar,Odisha,East,Small Business
CUST00291,Karan Malik,Chennai,Tamil Nadu,South,Corporate
CUST00292,Sara Sharma,Lucknow,Uttar Pradesh,North,Corporate
CUST00293,Aditya Patel,Bengaluru,Karnataka,South,Corporate
CUST00294,Arjun Joshi,Chennai,Tamil Nadu,South,Corporate
CUST00295,Aisha Rao,Patna,Bihar,East,Corporate
CUST00296,Kavya Nair,Jaipur,Rajasthan,North,Corporate
CUST00297,Karan Kumar,Lucknow,Uttar Pradesh,North,Consumer
CUST00298,Sneha Patel,Kolkata,West Bengal,East,Small Business
CUST00299,Rahul Nair,Bengaluru,Karnataka,South,Corporate
CUST00300,Kavya Gupta,Lucknow,Uttar Pradesh,North,Corporate
CUST00301,Aarav Khan,Patna,Bihar,East,Corporate
CUST00302,Riya Mehta,Bhubaneswar,Odisha,East,Corporate
CUST00303,Rahul Kumar,Lucknow,Uttar Pradesh,North,Corporate
CUST00304,Neha Gupta,Lucknow,Uttar Pradesh,North,Small Business
CUST00305,Sneha Kumar,Ahmedabad,Gujarat,West,Consumer
CUST00306,Karan Mehta,Delhi,Delhi,North,Consumer
CUST00307,Kavya Sharma,Ahmedabad,Gujarat,West,Small Business
CUST00308,Meera Malik,Delhi,Delhi,North,Corporate
CUST00309,Rahul Kumar,Hyderabad,Telangana,South,Consumer
CUST00310,Zoya Mehta,Ahmedabad,Gujarat,West,Consumer
CUST00311,Isha Verma,Lucknow,Uttar Pradesh,North,Corporate
CUST00312,Aarav Malik,Chennai,Tamil Nadu,South,Corporate
CUST00313,Rahul Verma,Jaipur,Rajasthan,North,Corporate
CUST00314,Priya Mehta,Patna,Bihar,East,Corporate
CUST00315,Aditya Nair,Ahmedabad,Gujarat,West,Small Business
CUST00316,Sara Singh,Ahmedabad,Gujarat,West,Small Business
CUST00317,Meera Nair,Lucknow,Uttar Pradesh,North,Consumer
CUST00318,Diya Verma,Mumbai,Maharashtra,West,Small Business
CUST00319,Aisha Patel,Patna,Bihar,East,Consumer
CUST00320,Kavya Verma,Bhubaneswar,Odisha,East,Small Business
CUST00321,Arjun Kumar,Chennai,Tamil Nadu,South,Small Business
CUST00322,Aisha Iyer,Hyderabad,Telangana,South,Consumer
CUST00323,Priya Das,Hyderabad,Telangana,South,Corporate
CUST00324,Neha Gupta,Delhi,Delhi,North,Consumer
CUST00325,Karan Rao,Delhi,Delhi,North,Small Business
CUST00326,Rohan Reddy,Chennai,Tamil Nadu,South,Consumer
CUST00327,Diya Nair,Delhi,Delhi,North,Small Business
CUST00328,Karan Kumar,Kolkata,West Bengal,East,Consumer
CUST00329,Karan Kumar,Bhubaneswar,Odisha,East,Corporate
CUST00330,Isha Khan,Bhubaneswar,Odisha,East,Consumer
CUST00331,Isha Iyer,Pune,Maharashtra,West,Small Business
CUST00332,Sara Reddy,Bengaluru,Karnataka,South,Corporate
CUST00333,Neha Mehta,Pune,Maharashtra,West,Small Business
CUST00334,Kavya Malik,Pune,Maharashtra,West,Corporate
CUST00335,Aisha Patel,Delhi,Delhi,North,Corporate
CUST00336,Arjun Patel,Delhi,Delhi,North,Small Business
CUST00337,Neha Mehta,Pune,Maharashtra,West,Small Business
CUST00338,Aisha Sharma,Bhubaneswar,Odisha,East,Corporate
CUST00339,Ananya Sharma,Kolkata,West Bengal,East,Small Business
CUST00340,Vivaan Iyer,Kolkata,West Bengal,East,Small Business
CUST00341,Meera Nair,Pune,Maharashtra,West,Consumer
CUST00342,Diya Das,Ahmedabad,Gujarat,West,Consumer
CUST00343,Vikram Mehta,Pune,Maharashtra,West,Small Business
CUST00344,Rahul Joshi,Bengaluru,Karnataka,South,Small Business
CUST00345,Vivaan Khan,Jaipur,Rajasthan,North,Consumer
CUST00346,Riya Gupta,Patna,Bihar,East,Consumer
CUST00347,Aditya Iyer,Pune,Maharashtra,West,Corporate
CUST00348,Kavya Reddy,Mumbai,Maharashtra,West,Consumer
CUST00349,Sara Iyer,Ahmedabad,Gujarat,West,Small Business
CUST00350,Zoya Iyer,Pune,Maharashtra,West,Consumer
CUST00351,Ananya Iyer,Jaipur,Rajasthan,North,Corporate
CUST00352,Priya Das,Bengaluru,Karnataka,South,Corporate
CUST00353,Aditya Reddy,Mumbai,Maharashtra,West,Small Business
CUST00354,Sneha Nair,Lucknow,Uttar Pradesh,North,Corporate
CUST00355,Aditya Das,Delhi,Delhi,North,Consumer
CUST00356,Ananya Rao,Bengaluru,Karnataka,South,Corporate
CUST00357,Neha Joshi,Patna,Bihar,East,Small Business
CUST00358,Ananya Mehta,Delhi,Delhi,North,Small Business
CUST00359,Neha Verma,Bhubaneswar,Odisha,East,Consumer
CUST00360,Meera Sharma,Kolkata,West Bengal,East,Small Business
CUST00361,Priya Iyer,Kolkata,West Bengal,East,Consumer
CUST00362,Aditya Joshi,Jaipur,Rajasthan,North,Small Business
CUST00363,Aisha Joshi,Delhi,Delhi,North,Consumer
CUST00364,Rahul Sharma,Hyderabad,Telangana,South,Corporate
CUST00365,Meera Verma,Bengaluru,Karnataka,South,Consumer
CUST00366,Sara Reddy,Delhi,Delhi,North,Corporate
CUST00367,Neha Joshi,Patna,Bihar,East,Small Business
CUST00368,Sara Singh,Kolkata,West Bengal,East,Small Business
CUST00369,Rahul Iyer,Delhi,Delhi,North,Small Business
CUST00370,Arjun Nair,Jaipur,Rajasthan,North,Small Business
CUST00371,Kavya Khan,Hyderabad,Telangana,South,Small Business
CUST00372,Neha Patel,Jaipur,Rajasthan,North,Corporate
CUST00373,Karan Nair,Ahmedabad,Gujarat,West,Consumer
CUST00374,Neha Rao,Bhubaneswar,Odisha,East,Corporate
CUST00375,Vivaan Singh,Pune,Maharashtra,West,Consumer
CUST00376,Arjun Nair,Jaipur,Rajasthan,North,Consumer
CUST00377,Vikram Joshi,Bhubaneswar,Odisha,East,Small Business
CUST00378,Aarav Sharma,Ahmedabad,Gujarat,West,Consumer
CUST00379,Rahul Das,Kolkata,West Bengal,East,Consumer
CUST00380,Aditya Nair,Lucknow,Uttar Pradesh,North,Consumer
CUST00381,Riya Patel,Mumbai,Maharashtra,West,Corporate
CUST00382,Rahul Das,Kolkata,West Bengal,East,Consumer
CUST00383,Ananya Nair,Chennai,Tamil Nadu,South,Consumer
CUST00384,Sara Khan,Chennai,Tamil Nadu,South,Consumer
CUST00385,Aarav Reddy,Hyderabad,Telangana,South,Corporate
CUST00386,Karan Mehta,Ahmedabad,Gujarat,West,Consumer
CUST00387,Rohan Khan,Hyderabad,Telangana,South,Consumer
CUST00388,Kavya Rao,Bengaluru,Karnataka,South,Small Business
CUST00389,Aditya Kumar,Jaipur,Rajasthan,North,Corporate
CUST00390,Zoya Mehta,Bengaluru,Karnataka,South,Corporate
CUST00391,Zoya Patel,Kolkata,West Bengal,East,Consumer
CUST00392,Zoya Khan,Jaipur,Rajasthan,North,Small Business
CUST00393,Aarav Sharma,Jaipur,Rajasthan,North,Corporate
CUST00394,Kavya Joshi,Bengaluru,Karnataka,South,Corporate
CUST00395,Isha Verma,Bengaluru,Karnataka,South,Corporate
CUST00396,Diya Reddy,Bengaluru,Karnataka,South,Consumer
CUST00397,Ananya Mehta,Bhubaneswar,Odisha,East,Small Business
CUST00398,Sara Malik,Ahmedabad,Gujarat,West,Corporate
CUST00399,Diya Rao,Pune,Maharashtra,West,Corporate
CUST00400,Zoya Mehta,Delhi,Delhi,North,Consumer
CUST00401,Arjun Nair,Bhubaneswar,Odisha,East,Small Business
CUST00402,Sara Malik,Mumbai,Maharashtra,West,Corporate
CUST00403,Isha Iyer,Mumbai,Maharashtra,West,Corporate
CUST00404,Priya Nair,Jaipur,Rajasthan,North,Corporate
CUST00405,Kavya Malik,Bengaluru,Karnataka,South,Corporate
CUST00406,Kavya Gupta,Bhubaneswar,Odisha,East,Corporate
CUST00407,Neha Reddy,Bhubaneswar,Odisha,East,Corporate
CUST00408,Aditya Verma,Bengaluru,Karnataka,South,Consumer
CUST00409,Kavya Verma,Patna,Bihar,East,Small Business
CUST00410,Neha Das,Chennai,Tamil Nadu,South,Small Business
CUST00411,Vivaan Mehta,Lucknow,Uttar Pradesh,North,Small Business
CUST00412,Priya Joshi,Bengaluru,Karnataka,South,Corporate
CUST00413,Neha Nair,Bhubaneswar,Odisha,East,Corporate
CUST00414,Vivaan Khan,Kolkata,West Bengal,East,Corporate
CUST00415,Neha Verma,Kolkata,West Bengal,East,Small Business
CUST00416,Vikram Reddy,Bhubaneswar,Odisha,East,Corporate
CUST00417,Karan Nair,Bengaluru,Karnataka,South,Corporate
CUST00418,Sara Gupta,Bengaluru,Karnataka,South,Corporate
CUST00419,Riya Patel,Delhi,Delhi,North,Small Business
CUST00420,Diya Mehta,Bhubaneswar,Odisha,East,Small Business
CUST00421,Sara Sharma,Kolkata,West Bengal,East,Small Business
CUST00422,Ananya Sharma,Chennai,Tamil Nadu,South,Corporate
CUST00423,Aisha Iyer,Ahmedabad,Gujarat,West,Corporate
CUST00424,Aarav Reddy,Chennai,Tamil Nadu,South,Small Business
CUST00425,Sneha Verma,Chennai,Tamil Nadu,South,Small Business
CUST00426,Aarav Verma,Patna,Bihar,East,Small Business
CUST00427,Vikram Singh,Delhi,Delhi,North,Corporate
CUST00428,Priya Reddy,Ahmedabad,Gujarat,West,Corporate
CUST00429,Priya Das,Kolkata,West Bengal,East,Small Business
CUST00430,Aditya Iyer,Hyderabad,Telangana,South,Consumer
CUST00431,Rohan Das,Kolkata,West Bengal,East,Consumer
CUST00432,Aditya Khan,Jaipur,Rajasthan,North,Small Business
CUST00433,Kavya Kumar,Kolkata,West Bengal,East,Corporate
CUST00434,Kavya Khan,Mumbai,Maharashtra,West,Small Business
CUST00435,Arjun Gupta,Delhi,Delhi,North,Consumer
CUST00436,Aisha Joshi,Bhubaneswar,Odisha,East,Small Business
CUST00437,Meera Rao,Bhubaneswar,Odisha,East,Corporate
CUST00438,Vivaan Patel,Delhi,Delhi,North,Small Business
CUST00439,Vivaan Sharma,Mumbai,Maharashtra,West,Corporate
CUST00440,Vikram Das,Chennai,Tamil Nadu,South,Corporate
CUST00441,Aisha Gupta,Bengaluru,Karnataka,South,Consumer
CUST00442,Meera Malik,Delhi,Delhi,North,Consumer
CUST00443,Rahul Singh,Lucknow,Uttar Pradesh,North,Small Business
CUST00444,Karan Rao,Lucknow,Uttar Pradesh,North,Small Business
CUST00445,Neha Verma,Delhi,Delhi,North,Small Business
CUST00446,Vivaan Singh,Hyderabad,Telangana,South,Corporate
CUST00447,Aditya Nair,Ahmedabad,Gujarat,West,Small Business
CUST00448,Kavya Mehta,Delhi,Delhi,North,Small Business
CUST00449,Kavya Khan,Bengaluru,Karnataka,South,Corporate
CUST00450,Aarav Gupta,Chennai,Tamil Nadu,South,Small Business
CUST00451,Isha Nair,Patna,Bihar,East,Corporate
CUST00452,Aditya Singh,Bengaluru,Karnataka,South,Consumer
CUST00453,Kavya Mehta,Delhi,Delhi,North,Small Business
CUST00454,Aditya Singh,Pune,Maharashtra,West,Small Business
CUST00455,Priya Patel,Ahmedabad,Gujarat,West,Consumer
CUST00456,Aditya Rao,Bhubaneswar,Odisha,East,Consumer
CUST00457,Zoya Rao,Mumbai,Maharashtra,West,Corporate
CUST00458,Neha Malik,Bhubaneswar,Odisha,East,Consumer
CUST00459,Karan Verma,Chennai,Tamil Nadu,South,Corporate
CUST00460,Vikram Reddy,Kolkata,West Bengal,East,Consumer
CUST00461,Aditya Reddy,Bhubaneswar,Odisha,East,Corporate
CUST00462,Isha Das,Kolkata,West Bengal,East,Small Business
CUST00463,Isha Joshi,Kolkata,West Bengal,East,Small Business
CUST00464,Diya Gupta,Bhubaneswar,Odisha,East,Corporate
CUST00465,Rahul Kumar,Bengaluru,Karnataka,South,Corporate
CUST00466,Isha Joshi,Pune,Maharashtra,West,Corporate
CUST00467,Riya Sharma,Ahmedabad,Gujarat,West,Small Business
CUST00468,Aditya Khan,Jaipur,Rajasthan,North,Corporate
CUST00469,Vivaan Sharma,Ahmedabad,Gujarat,West,Corporate
CUST00470,Aditya Joshi,Bengaluru,Karnataka,South,Small Business
CUST00471,Diya Rao,Delhi,Delhi,North,Corporate
CUST00472,Riya Rao,Patna,Bihar,East,Consumer
CUST00473,Isha Iyer,Kolkata,West Bengal,East,Small Business
CUST00474,Vikram Gupta,Kolkata,West Bengal,East,Corporate
CUST00475,Zoya Reddy,Hyderabad,Telangana,South,Corporate
CUST00476,Arjun Das,Ahmedabad,Gujarat,West,Small Business
CUST00477,Aditya Rao,Bhubaneswar,Odisha,East,Consumer
CUST00478,Vivaan Patel,Patna,Bihar,East,Corporate
CUST00479,Isha Rao,Lucknow,Uttar Pradesh,North,Small Business
CUST00480,Rohan Gupta,Ahmedabad,Gujarat,West,Corporate
CUST00481,Sneha Singh,Ahmedabad,Gujarat,West,Small Business
CUST00482,Diya Sharma,Bhubaneswar,Odisha,East,Small Business
CUST00483,Priya Verma,Ahmedabad,Gujarat,West,Consumer
CUST00484,Sara Joshi,Delhi,Delhi,North,Corporate
CUST00485,Ananya Malik,Bhubaneswar,Odisha,East,Small Business
CUST00486,Rahul Gupta,Bengaluru,Karnataka,South,Small Business
CUST00487,Rahul Iyer,Ahmedabad,Gujarat,West,Corporate
CUST00488,Sneha Reddy,Kolkata,West Bengal,East,Small Business
CUST00489,Aditya Khan,Lucknow,Uttar Pradesh,North,Corporate
CUST00490,Priya Nair,Chennai,Tamil Nadu,South,Small Business
CUST00491,Zoya Verma,Bhubaneswar,Odisha,East,Small Business
CUST00492,Kavya Rao,Ahmedabad,Gujarat,West,Consumer
CUST00493,Neha Khan,Chennai,Tamil Nadu,South,Consumer
CUST00494,Priya Das,Jaipur,Rajasthan,North,Consumer
CUST00495,Karan Reddy,Chennai,Tamil Nadu,South,Consumer
CUST00496,Aisha Nair,Bengaluru,Karnataka,South,Small Business
CUST00497,Sara Nair,Patna,Bihar,East,Small Business
CUST00498,Vivaan Joshi,Ahmedabad,Gujarat,West,Small Business
CUST00499,Rahul Mehta,Delhi,Delhi,North,Consumer
CUST00500,Rohan Reddy,Patna,Bihar,East,Small Business
CUST00501,Rohan Malik,Jaipur,Rajasthan,North,Consumer
CUST00502,Kavya Gupta,Bhubaneswar,Odisha,East,Small Business
CUST00503,Karan Kumar,Kolkata,West Bengal,East,Corporate
CUST00504,Isha Patel,Lucknow,Uttar Pradesh,North,Consumer
CUST00505,Aisha Das,Jaipur,Rajasthan,North,Consumer
CUST00506,Neha Joshi,Kolkata,West Bengal,East,Corporate
CUST00507,Isha Das,Pune,Maharashtra,West,Corporate
CUST00508,Zoya Rao,Delhi,Delhi,North,Consumer
CUST00509,Vikram Das,Kolkata,West Bengal,East,Consumer
CUST00510,Ananya Sharma,Bhubaneswar,Odisha,East,Corporate
CUST00511,Neha Rao,Bengaluru,Karnataka,South,Small Business
CUST00512,Zoya Nair,Bengaluru,Karnataka,South,Corporate
CUST00513,Aditya Das,Chennai,Tamil Nadu,South,Corporate
CUST00514,Isha Iyer,Lucknow,Uttar Pradesh,North,Consumer
CUST00515,Kavya Verma,Mumbai,Maharashtra,West,Corporate
CUST00516,Neha Iyer,Hyderabad,Telangana,South,Corporate
CUST00517,Vivaan Singh,Lucknow,Uttar Pradesh,North,Corporate
CUST00518,Karan Singh,Bengaluru,Karnataka,South,Corporate
CUST00519,Karan Sharma,Ahmedabad,Gujarat,West,Consumer
CUST00520,Priya Das,Chennai,Tamil Nadu,South,Consumer
CUST00521,Vivaan Khan,Jaipur,Rajasthan,North,Small Business
CUST00522,Rahul Das,Patna,Bihar,East,Corporate
CUST00523,Isha Mehta,Hyderabad,Telangana,South,Consumer
CUST00524,Aarav Khan,Mumbai,Maharashtra,West,Consumer
CUST00525,Sara Malik,Kolkata,West Bengal,East,Small Business
CUST00526,Kavya Verma,Pune,Maharashtra,West,Consumer
CUST00527,Aisha Verma,Hyderabad,Telangana,South,Consumer
CUST00528,Kavya Joshi,Kolkata,West Bengal,East,Corporate
CUST00529,Aditya Verma,Jaipur,Rajasthan,North,Small Business
CUST00530,Sara Sharma,Bhubaneswar,Odisha,East,Small Business
CUST00531,Riya Patel,Patna,Bihar,East,Consumer
CUST00532,Aisha Singh,Hyderabad,Telangana,South,Small Business
CUST00533,Neha Patel,Kolkata,West Bengal,East,Corporate
CUST00534,Rohan Joshi,Bhubaneswar,Odisha,East,Consumer
CUST00535,Zoya Gupta,Bengaluru,Karnataka,South,Small Business
CUST00536,Sara Rao,Lucknow,Uttar Pradesh,North,Small Business
CUST00537,Aarav Singh,Jaipur,Rajasthan,North,Consumer
CUST00538,Sneha Gupta,Pune,Maharashtra,West,Small Business
CUST00539,Aarav Gupta,Bengaluru,Karnataka,South,Corporate
CUST00540,Karan Malik,Bhubaneswar,Odisha,East,Small Business
CUST00541,Arjun Das,Kolkata,West Bengal,East,Small Business
CUST00542,Priya Reddy,Hyderabad,Telangana,South,Corporate
CUST00543,Sara Gupta,Bhubaneswar,Odisha,East,Consumer
CUST00544,Isha Malik,Jaipur,Rajasthan,North,Small Business
CUST00545,Rohan Das,Chennai,Tamil Nadu,South,Consumer
CUST00546,Isha Sharma,Pune,Maharashtra,West,Consumer
CUST00547,Vivaan Das,Mumbai,Maharashtra,West,Consumer
CUST00548,Priya Iyer,Pune,Maharashtra,West,Small Business
CUST00549,Sneha Nair,Lucknow,Uttar Pradesh,North,Corporate
CUST00550,Ananya Sharma,Bhubaneswar,Odisha,East,Consumer
CUST00551,Aisha Gupta,Hyderabad,Telangana,South,Small Business
CUST00552,Priya Khan,Bengaluru,Karnataka,South,Corporate
CUST00553,Kavya Iyer,Delhi,Delhi,North,Small Business
CUST00554,Isha Iyer,Delhi,Delhi,North,Corporate
CUST00555,Rohan Kumar,Patna,Bihar,East,Corporate
CUST00556,Neha Iyer,Lucknow,Uttar Pradesh,North,Corporate
CUST00557,Aditya Malik,Delhi,Delhi,North,Consumer
CUST00558,Kavya Mehta,Chennai,Tamil Nadu,South,Small Business
CUST00559,Aisha Gupta,Bengaluru,Karnataka,South,Consumer
CUST00560,Priya Joshi,Pune,Maharashtra,West,Corporate
CUST00561,Isha Mehta,Patna,Bihar,East,Corporate
CUST00562,Rohan Malik,Jaipur,Rajasthan,North,Corporate
CUST00563,Isha Sharma,Patna,Bihar,East,Corporate
CUST00564,Diya Singh,Pune,Maharashtra,West,Small Business
CUST00565,Vivaan Verma,Bhubaneswar,Odisha,East,Small Business
CUST00566,Sneha Gupta,Lucknow,Uttar Pradesh,North,Small Business
CUST00567,Rohan Sharma,Chennai,Tamil Nadu,South,Small Business
CUST00568,Isha Sharma,Chennai,Tamil Nadu,South,Consumer
CUST00569,Karan Das,Bhubaneswar,Odisha,East,Corporate
CUST00570,Neha Singh,Kolkata,West Bengal,East,Consumer
CUST00571,Diya Reddy,Bhubaneswar,Odisha,East,Corporate
CUST00572,Neha Gupta,Jaipur,Rajasthan,North,Consumer
CUST00573,Riya Reddy,Lucknow,Uttar Pradesh,North,Corporate
CUST00574,Sneha Gupta,Bhubaneswar,Odisha,East,Corporate
CUST00575,Karan Verma,Hyderabad,Telangana,South,Small Business
CUST00576,Rohan Kumar,Lucknow,Uttar Pradesh,North,Corporate
CUST00577,Sara Verma,Pune,Maharashtra,West,Corporate
CUST00578,Isha Patel,Kolkata,West Bengal,East,Corporate
CUST00579,Meera Patel,Bengaluru,Karnataka,South,Consumer
CUST00580,Aditya Kumar,Chennai,Tamil Nadu,South,Small Business
CUST00581,Isha Verma,Bhubaneswar,Odisha,East,Corporate
CUST00582,Neha Malik,Bengaluru,Karnataka,South,Small Business
CUST00583,Sara Khan,Pune,Maharashtra,West,Consumer
CUST00584,Rohan Das,Ahmedabad,Gujarat,West,Small Business
CUST00585,Karan Verma,Mumbai,Maharashtra,West,Consumer
CUST00586,Karan Das,Jaipur,Rajasthan,North,Consumer
CUST00587,Neha Rao,Kolkata,West Bengal,East,Corporate
CUST00588,Isha Das,Lucknow,Uttar Pradesh,North,Consumer
CUST00589,Diya Iyer,Bengaluru,Karnataka,South,Consumer
CUST00590,Aisha Singh,Patna,Bihar,East,Small Business
CUST00591,Meera Rao,Delhi,Delhi,North,Corporate
CUST00592,Riya Verma,Chennai,Tamil Nadu,South,Corporate
CUST00593,Aditya Kumar,Jaipur,Rajasthan,North,Small Business
CUST00594,Zoya Gupta,Chennai,Tamil Nadu,South,Small Business
CUST00595,Riya Reddy,Chennai,Tamil Nadu,South,Corporate
CUST00596,Zoya Iyer,Hyderabad,Telangana,South,Consumer
CUST00597,Zoya Reddy,Pune,Maharashtra,West,Consumer
CUST00598,Rohan Gupta,Patna,Bihar,East,Consumer
CUST00599,Neha Rao,Pune,Maharashtra,West,Consumer
CUST00600,Ananya Patel,Bhubaneswar,Odisha,East,Small Business
CUST00601,Ananya Reddy,Bhubaneswar,Odisha,East,Corporate
CUST00602,Diya Rao,Bengaluru,Karnataka,South,Small Business
CUST00603,Rohan Mehta,Kolkata,West Bengal,East,Consumer
CUST00604,Rohan Joshi,Kolkata,West Bengal,East,Small Business
CUST00605,Diya Gupta,Kolkata,West Bengal,East,Consumer
CUST00606,Aarav Verma,Hyderabad,Telangana,South,Small Business
CUST00607,Riya Khan,Bhubaneswar,Odisha,East,Consumer
CUST00608,Riya Singh,Kolkata,West Bengal,East,Small Business
CUST00609,Aarav Kumar,Bhubaneswar,Odisha,East,Small Business
CUST00610,Aisha Joshi,Pune,Maharashtra,West,Corporate
CUST00611,Karan Das,Bhubaneswar,Odisha,East,Corporate
CUST00612,Aisha Kumar,Bengaluru,Karnataka,South,Small Business
CUST00613,Vivaan Reddy,Jaipur,Rajasthan,North,Corporate
CUST00614,Meera Kumar,Mumbai,Maharashtra,West,Corporate
CUST00615,Diya Reddy,Ahmedabad,Gujarat,West,Small Business
CUST00616,Priya Malik,Ahmedabad,Gujarat,West,Corporate
CUST00617,Rahul Das,Ahmedabad,Gujarat,West,Small Business
CUST00618,Sara Verma,Ahmedabad,Gujarat,West,Consumer
CUST00619,Isha Verma,Pune,Maharashtra,West,Corporate
CUST00620,Karan Reddy,Bengaluru,Karnataka,South,Consumer
CUST00621,Aisha Singh,Kolkata,West Bengal,East,Corporate
CUST00622,Karan Nair,Chennai,Tamil Nadu,South,Corporate
CUST00623,Riya Malik,Ahmedabad,Gujarat,West,Consumer
CUST00624,Rohan Kumar,Lucknow,Uttar Pradesh,North,Corporate
CUST00625,Meera Iyer,Pune,Maharashtra,West,Corporate
CUST00626,Aarav Verma,Delhi,Delhi,North,Small Business
CUST00627,Isha Patel,Mumbai,Maharashtra,West,Small Business
CUST00628,Neha Sharma,Hyderabad,Telangana,South,Corporate
CUST00629,Meera Mehta,Bhubaneswar,Odisha,East,Small Business
CUST00630,Meera Khan,Lucknow,Uttar Pradesh,North,Consumer
CUST00631,Arjun Singh,Chennai,Tamil Nadu,South,Corporate
CUST00632,Neha Das,Delhi,Delhi,North,Corporate
CUST00633,Vivaan Singh,Hyderabad,Telangana,South,Small Business
CUST00634,Sara Patel,Ahmedabad,Gujarat,West,Small Business
CUST00635,Aisha Verma,Delhi,Delhi,North,Small Business
CUST00636,Isha Das,Lucknow,Uttar Pradesh,North,Corporate
CUST00637,Diya Joshi,Kolkata,West Bengal,East,Consumer
CUST00638,Rahul Verma,Delhi,Delhi,North,Corporate
CUST00639,Priya Rao,Ahmedabad,Gujarat,West,Consumer
CUST00640,Vikram Mehta,Lucknow,Uttar Pradesh,North,Corporate
CUST00641,Zoya Sharma,Hyderabad,Telangana,South,Consumer
CUST00642,Rahul Malik,Ahmedabad,Gujarat,West,Corporate
CUST00643,Zoya Kumar,Chennai,Tamil Nadu,South,Small Business
CUST00644,Zoya Reddy,Ahmedabad,Gujarat,West,Small Business
CUST00645,Priya Reddy,Delhi,Delhi,North,Small Business
CUST00646,Aisha Mehta,Ahmedabad,Gujarat,West,Small Business
CUST00647,Zoya Rao,Jaipur,Rajasthan,North,Small Business
CUST00648,Riya Khan,Jaipur,Rajasthan,North,Consumer
CUST00649,Neha Gupta,Bhubaneswar,Odisha,East,Consumer
CUST00650,Kavya Mehta,Pune,Maharashtra,West,Small Business
CUST00651,Aarav Mehta,Jaipur,Rajasthan,North,Corporate
CUST00652,Riya Mehta,Mumbai,Maharashtra,West,Small Business
CUST00653,Vivaan Mehta,Jaipur,Rajasthan,North,Consumer
CUST00654,Zoya Joshi,Patna,Bihar,East,Small Business
CUST00655,Sneha Reddy,Bhubaneswar,Odisha,East,Consumer
CUST00656,Vivaan Mehta,Patna,Bihar,East,Consumer
CUST00657,Vikram Sharma,Jaipur,Rajasthan,North,Corporate
CUST00658,Kavya Reddy,Delhi,Delhi,North,Small Business
CUST00659,Vikram Singh,Lucknow,Uttar Pradesh,North,Small Business
CUST00660,Meera Nair,Patna,Bihar,East,Small Business
CUST00661,Vivaan Malik,Chennai,Tamil Nadu,South,Small Business
CUST00662,Vikram Rao,Ahmedabad,Gujarat,West,Small Business
CUST00663,Meera Rao,Delhi,Delhi,North,Corporate
CUST00664,Rohan Kumar,Lucknow,Uttar Pradesh,North,Corporate
CUST00665,Sara Gupta,Bhubaneswar,Odisha,East,Small Business
CUST00666,Ananya Mehta,Jaipur,Rajasthan,North,Consumer
CUST00667,Karan Khan,Lucknow,Uttar Pradesh,North,Corporate
CUST00668,Karan Khan,Pune,Maharashtra,West,Small Business
CUST00669,Vikram Malik,Patna,Bihar,East,Corporate
CUST00670,Priya Kumar,Ahmedabad,Gujarat,West,Small Business
CUST00671,Ananya Khan,Bengaluru,Karnataka,South,Small Business
CUST00672,Sara Singh,Delhi,Delhi,North,Corporate
CUST00673,Rahul Khan,Hyderabad,Telangana,South,Corporate
CUST00674,Aditya Gupta,Jaipur,Rajasthan,North,Small Business
CUST00675,Ananya Malik,Jaipur,Rajasthan,North,Consumer
CUST00676,Vikram Nair,Lucknow,Uttar Pradesh,North,Corporate
CUST00677,Sara Malik,Pune,Maharashtra,West,Consumer
CUST00678,Arjun Mehta,Patna,Bihar,East,Small Business
CUST00679,Karan Patel,Hyderabad,Telangana,South,Small Business
CUST00680,Zoya Patel,Bhubaneswar,Odisha,East,Consumer
CUST00681,Vivaan Verma,Delhi,Delhi,North,Corporate
CUST00682,Meera Verma,Bhubaneswar,Odisha,East,Consumer
CUST00683,Aarav Rao,Chennai,Tamil Nadu,South,Corporate
CUST00684,Meera Kumar,Bhubaneswar,Odisha,East,Consumer
CUST00685,Aisha Gupta,Pune,Maharashtra,West,Small Business
CUST00686,Vivaan Iyer,Bengaluru,Karnataka,South,Small Business
CUST00687,Riya Patel,Lucknow,Uttar Pradesh,North,Small Business
CUST00688,Vivaan Iyer,Chennai,Tamil Nadu,South,Corporate
CUST00689,Rohan Iyer,Hyderabad,Telangana,South,Corporate
CUST00690,Meera Reddy,Patna,Bihar,East,Corporate
CUST00691,Vivaan Sharma,Pune,Maharashtra,West,Small Business
CUST00692,Diya Verma,Ahmedabad,Gujarat,West,Corporate
CUST00693,Isha Joshi,Lucknow,Uttar Pradesh,North,Small Business
CUST00694,Meera Iyer,Chennai,Tamil Nadu,South,Small Business
CUST00695,Isha Khan,Mumbai,Maharashtra,West,Consumer
CUST00696,Priya Reddy,Patna,Bihar,East,Corporate
CUST00697,Ananya Malik,Chennai,Tamil Nadu,South,Consumer
CUST00698,Priya Das,Pune,Maharashtra,West,Small Business
CUST00699,Vikram Reddy,Kolkata,West Bengal,East,Small Business
CUST00700,Sneha Nair,Delhi,Delhi,North,Small Business
CUST00701,Priya Verma,Delhi,Delhi,North,Small Business
CUST00702,Arjun Reddy,Chennai,Tamil Nadu,South,Corporate
CUST00703,Priya Iyer,Mumbai,Maharashtra,West,Consumer
CUST00704,Ananya Singh,Mumbai,Maharashtra,West,Corporate
CUST00705,Ananya Gupta,Pune,Maharashtra,West,Small Business
CUST00706,Riya Sharma,Pune,Maharashtra,West,Small Business
CUST00707,Neha Malik,Mumbai,Maharashtra,West,Consumer
CUST00708,Arjun Kumar,Pune,Maharashtra,West,Consumer
CUST00709,Sneha Joshi,Lucknow,Uttar Pradesh,North,Small Business
CUST00710,Aisha Malik,Bengaluru,Karnataka,South,Small Business
CUST00711,Aisha Gupta,Kolkata,West Bengal,East,Consumer
CUST00712,Karan Reddy,Jaipur,Rajasthan,North,Consumer
CUST00713,Isha Malik,Kolkata,West Bengal,East,Corporate
CUST00714,Kavya Malik,Lucknow,Uttar Pradesh,North,Corporate
CUST00715,Sara Das,Bhubaneswar,Odisha,East,Consumer
CUST00716,Karan Joshi,Kolkata,West Bengal,East,Consumer
CUST00717,Zoya Kumar,Lucknow,Uttar Pradesh,North,Small Business
CUST00718,Neha Verma,Kolkata,West Bengal,East,Consumer
CUST00719,Vivaan Nair,Lucknow,Uttar Pradesh,North,Small Business
CUST00720,Vikram Mehta,Lucknow,Uttar Pradesh,North,Consumer
CUST00721,Rohan Gupta,Lucknow,Uttar Pradesh,North,Corporate
CUST00722,Arjun Joshi,Mumbai,Maharashtra,West,Small Business
CUST00723,Riya Kumar,Bengaluru,Karnataka,South,Small Business
CUST00724,Isha Das,Hyderabad,Telangana,South,Corporate
CUST00725,Rahul Rao,Delhi,Delhi,North,Corporate
CUST00726,Riya Sharma,Lucknow,Uttar Pradesh,North,Corporate
CUST00727,Aisha Malik,Hyderabad,Telangana,South,Corporate
CUST00728,Ananya Nair,Hyderabad,Telangana,South,Small Business
CUST00729,Vikram Mehta,Bengaluru,Karnataka,South,Consumer
CUST00730,Kavya Gupta,Patna,Bihar,East,Consumer
CUST00731,Sara Sharma,Bengaluru,Karnataka,South,Corporate
CUST00732,Vivaan Khan,Delhi,Delhi,North,Consumer
CUST00733,Rahul Das,Bhubaneswar,Odisha,East,Small Business
CUST00734,Kavya Gupta,Delhi,Delhi,North,Corporate
CUST00735,Sneha Singh,Bengaluru,Karnataka,South,Small Business
CUST00736,Sara Reddy,Bhubaneswar,Odisha,East,Corporate
CUST00737,Arjun Reddy,Lucknow,Uttar Pradesh,North,Corporate
CUST00738,Zoya Reddy,Patna,Bihar,East,Consumer
CUST00739,Aarav Das,Hyderabad,Telangana,South,Corporate
CUST00740,Isha Joshi,Patna,Bihar,East,Small Business
CUST00741,Kavya Rao,Delhi,Delhi,North,Consumer
CUST00742,Karan Kumar,Ahmedabad,Gujarat,West,Consumer
CUST00743,Ananya Patel,Patna,Bihar,East,Consumer
CUST00744,Vivaan Das,Bhubaneswar,Odisha,East,Corporate
CUST00745,Diya Das,Hyderabad,Telangana,South,Consumer
CUST00746,Vikram Verma,Bengaluru,Karnataka,South,Small Business
CUST00747,Vivaan Kumar,Kolkata,West Bengal,East,Small Business
CUST00748,Vivaan Patel,Patna,Bihar,East,Consumer
CUST00749,Sneha Kumar,Mumbai,Maharashtra,West,Small Business
CUST00750,Vikram Das,Hyderabad,Telangana,South,Consumer
CUST00751,Zoya Khan,Mumbai,Maharashtra,West,Small Business
CUST00752,Riya Gupta,Kolkata,West Bengal,East,Small Business
CUST00753,Priya Patel,Pune,Maharashtra,West,Consumer
CUST00754,Zoya Patel,Delhi,Delhi,North,Corporate
CUST00755,Ananya Sharma,Lucknow,Uttar Pradesh,North,Small Business
CUST00756,Rohan Joshi,Bhubaneswar,Odisha,East,Corporate
CUST00757,Sara Kumar,Hyderabad,Telangana,South,Corporate
CUST00758,Sneha Das,Lucknow,Uttar Pradesh,North,Corporate
CUST00759,Kavya Singh,Chennai,Tamil Nadu,South,Corporate
CUST00760,Sneha Reddy,Lucknow,Uttar Pradesh,North,Corporate
CUST00761,Karan Nair,Mumbai,Maharashtra,West,Corporate
CUST00762,Rahul Das,Jaipur,Rajasthan,North,Consumer
CUST00763,Sara Singh,Delhi,Delhi,North,Small Business
CUST00764,Zoya Reddy,Delhi,Delhi,North,Consumer
CUST00765,Ananya Patel,Ahmedabad,Gujarat,West,Small Business
CUST00766,Aditya Iyer,Jaipur,Rajasthan,North,Corporate
CUST00767,Aditya Rao,Patna,Bihar,East,Consumer
CUST00768,Vivaan Khan,Delhi,Delhi,North,Small Business
CUST00769,Diya Mehta,Hyderabad,Telangana,South,Consumer
CUST00770,Vikram Das,Kolkata,West Bengal,East,Small Business
CUST00771,Sara Patel,Jaipur,Rajasthan,North,Consumer
CUST00772,Priya Khan,Hyderabad,Telangana,South,Consumer
CUST00773,Vikram Malik,Bengaluru,Karnataka,South,Small Business
CUST00774,Meera Iyer,Mumbai,Maharashtra,West,Small Business
CUST00775,Diya Malik,Mumbai,Maharashtra,West,Corporate
CUST00776,Karan Rao,Ahmedabad,Gujarat,West,Corporate
CUST00777,Sneha Kumar,Lucknow,Uttar Pradesh,North,Small Business
CUST00778,Neha Khan,Pune,Maharashtra,West,Corporate
CUST00779,Zoya Iyer,Jaipur,Rajasthan,North,Corporate
CUST00780,Arjun Das,Patna,Bihar,East,Corporate
CUST00781,Priya Iyer,Mumbai,Maharashtra,West,Corporate
CUST00782,Priya Singh,Hyderabad,Telangana,South,Small Business
CUST00783,Karan Malik,Chennai,Tamil Nadu,South,Consumer
CUST00784,Ananya Rao,Kolkata,West Bengal,East,Small Business
CUST00785,Kavya Khan,Chennai,Tamil Nadu,South,Consumer
CUST00786,Priya Patel,Delhi,Delhi,North,Small Business
CUST00787,Karan Kumar,Lucknow,Uttar Pradesh,North,Small Business
CUST00788,Priya Khan,Jaipur,Rajasthan,North,Small Business
CUST00789,Meera Kumar,Chennai,Tamil Nadu,South,Small Business
CUST00790,Neha Reddy,Chennai,Tamil Nadu,South,Small Business
CUST00791,Sara Kumar,Chennai,Tamil Nadu,South,Small Business
CUST00792,Vivaan Rao,Hyderabad,Telangana,South,Consumer
CUST00793,Vivaan Das,Hyderabad,Telangana,South,Corporate
CUST00794,Rahul Nair,Bhubaneswar,Odisha,East,Consumer
CUST00795,Aditya Malik,Chennai,Tamil Nadu,South,Consumer
CUST00796,Vikram Rao,Jaipur,Rajasthan,North,Corporate
CUST00797,Vivaan Mehta,Bhubaneswar,Odisha,East,Small Business
CUST00798,Diya Iyer,Jaipur,Rajasthan,North,Small Business
CUST00799,Meera Sharma,Hyderabad,Telangana,South,Small Business
CUST00800,Sara Singh,Hyderabad,Telangana,South,Consumer
CUST00801,Zoya Malik,Pune,Maharashtra,West,Small Business
CUST00802,Aisha Sharma,Lucknow,Uttar Pradesh,North,Small Business
CUST00803,Kavya Das,Chennai,Tamil Nadu,South,Consumer
CUST00804,Arjun Rao,Chennai,Tamil Nadu,South,Consumer
CUST00805,Vikram Mehta,Lucknow,Uttar Pradesh,North,Corporate
CUST00806,Neha Khan,Delhi,Delhi,North,Consumer
CUST00807,Neha Singh,Jaipur,Rajasthan,North,Small Business
CUST00808,Karan Malik,Mumbai,Maharashtra,West,Corporate
CUST00809,Aditya Joshi,Bhubaneswar,Odisha,East,Consumer
CUST00810,Aditya Singh,Delhi,Delhi,North,Corporate
CUST00811,Sara Kumar,Hyderabad,Telangana,South,Small Business
CUST00812,Aarav Malik,Chennai,Tamil Nadu,South,Consumer
CUST00813,Meera Nair,Delhi,Delhi,North,Small Business
CUST00814,Priya Mehta,Bengaluru,Karnataka,South,Small Business
CUST00815,Vivaan Patel,Mumbai,Maharashtra,West,Small Business
CUST00816,Riya Kumar,Pune,Maharashtra,West,Consumer
CUST00817,Aditya Joshi,Pune,Maharashtra,West,Small Business
CUST00818,Riya Joshi,Hyderabad,Telangana,South,Consumer
CUST00819,Priya Sharma,Mumbai,Maharashtra,West,Small Business
CUST00820,Rahul Das,Patna,Bihar,East,Corporate
CUST00821,Aditya Khan,Chennai,Tamil Nadu,South,Small Business
CUST00822,Karan Mehta,Delhi,Delhi,North,Small Business
CUST00823,Sara Gupta,Delhi,Delhi,North,Small Business
CUST00824,Rahul Das,Patna,Bihar,East,Small Business
CUST00825,Aditya Rao,Patna,Bihar,East,Corporate
CUST00826,Vivaan Verma,Delhi,Delhi,North,Consumer
CUST00827,Aditya Gupta,Kolkata,West Bengal,East,Small Business
CUST00828,Diya Singh,Ahmedabad,Gujarat,West,Consumer
CUST00829,Ananya Das,Jaipur,Rajasthan,North,Corporate
CUST00830,Karan Gupta,Lucknow,Uttar Pradesh,North,Corporate
CUST00831,Kavya Reddy,Bhubaneswar,Odisha,East,Small Business
CUST00832,Sneha Verma,Kolkata,West Bengal,East,Corporate
CUST00833,Karan Malik,Bengaluru,Karnataka,South,Consumer
CUST00834,Ananya Reddy,Delhi,Delhi,North,Small Business
CUST00835,Rahul Malik,Delhi,Delhi,North,Corporate
CUST00836,Neha Verma,Bengaluru,Karnataka,South,Consumer
CUST00837,Aisha Kumar,Ahmedabad,Gujarat,West,Corporate
CUST00838,Arjun Reddy,Bengaluru,Karnataka,South,Consumer
CUST00839,Kavya Kumar,Lucknow,Uttar Pradesh,North,Small Business
CUST00840,Zoya Singh,Bengaluru,Karnataka,South,Consumer
CUST00841,Aditya Gupta,Lucknow,Uttar Pradesh,North,Consumer
CUST00842,Diya Mehta,Ahmedabad,Gujarat,West,Corporate
CUST00843,Aarav Khan,Delhi,Delhi,North,Corporate
CUST00844,Aditya Malik,Lucknow,Uttar Pradesh,North,Consumer
CUST00845,Riya Rao,Chennai,Tamil Nadu,South,Small Business
CUST00846,Sneha Reddy,Chennai,Tamil Nadu,South,Corporate
CUST00847,Aisha Khan,Jaipur,Rajasthan,North,Consumer
CUST00848,Aditya Reddy,Delhi,Delhi,North,Corporate
CUST00849,Kavya Khan,Jaipur,Rajasthan,North,Consumer
CUST00850,Neha Khan,Mumbai,Maharashtra,West,Small Business
CUST00851,Meera Mehta,Kolkata,West Bengal,East,Consumer
CUST00852,Isha Verma,Chennai,Tamil Nadu,South,Corporate
CUST00853,Aarav Singh,Ahmedabad,Gujarat,West,Small Business
CUST00854,Sneha Das,Ahmedabad,Gujarat,West,Corporate
CUST00855,Priya Singh,Bhubaneswar,Odisha,East,Small Business
CUST00856,Rahul Khan,Ahmedabad,Gujarat,West,Small Business
CUST00857,Vikram Kumar,Ahmedabad,Gujarat,West,Consumer
CUST00858,Sneha Gupta,Pune,Maharashtra,West,Small Business
CUST00859,Meera Mehta,Mumbai,Maharashtra,West,Corporate
CUST00860,Sneha Khan,Delhi,Delhi,North,Corporate
CUST00861,Arjun Iyer,Kolkata,West Bengal,East,Consumer
CUST00862,Riya Rao,Chennai,Tamil Nadu,South,Small Business
CUST00863,Sara Sharma,Patna,Bihar,East,Corporate
CUST00864,Vikram Kumar,Pune,Maharashtra,West,Small Business
CUST00865,Aditya Nair,Delhi,Delhi,North,Small Business
CUST00866,Meera Reddy,Bhubaneswar,Odisha,East,Corporate
CUST00867,Karan Khan,Bhubaneswar,Odisha,East,Consumer
CUST00868,Kavya Das,Delhi,Delhi,North,Consumer
CUST00869,Isha Mehta,Jaipur,Rajasthan,North,Small Business
CUST00870,Sneha Rao,Lucknow,Uttar Pradesh,North,Small Business
CUST00871,Kavya Rao,Hyderabad,Telangana,South,Corporate
CUST00872,Sara Mehta,Bhubaneswar,Odisha,East,Consumer
CUST00873,Arjun Das,Mumbai,Maharashtra,West,Small Business
CUST00874,Neha Reddy,Bhubaneswar,Odisha,East,Small Business
CUST00875,Vivaan Mehta,Bhubaneswar,Odisha,East,Small Business
CUST00876,Sneha Das,Ahmedabad,Gujarat,West,Corporate
CUST00877,Arjun Sharma,Bengaluru,Karnataka,South,Corporate
CUST00878,Karan Rao,Patna,Bihar,East,Small Business
CUST00879,Sara Mehta,Patna,Bihar,East,Small Business
CUST00880,Karan Kumar,Ahmedabad,Gujarat,West,Corporate
CUST00881,Isha Das,Bhubaneswar,Odisha,East,Small Business
CUST00882,Zoya Reddy,Ahmedabad,Gujarat,West,Consumer
CUST00883,Meera Verma,Pune,Maharashtra,West,Corporate
CUST00884,Aditya Verma,Patna,Bihar,East,Consumer
CUST00885,Neha Khan,Ahmedabad,Gujarat,West,Corporate
CUST00886,Vikram Rao,Jaipur,Rajasthan,North,Corporate
CUST00887,Meera Verma,Jaipur,Rajasthan,North,Small Business
CUST00888,Isha Gupta,Bengaluru,Karnataka,South,Corporate
CUST00889,Vivaan Das,Patna,Bihar,East,Consumer
CUST00890,Aarav Nair,Ahmedabad,Gujarat,West,Small Business
CUST00891,Arjun Joshi,Chennai,Tamil Nadu,South,Small Business
CUST00892,Karan Rao,Chennai,Tamil Nadu,South,Small Business
CUST00893,Rohan Gupta,Lucknow,Uttar Pradesh,North,Corporate
CUST00894,Isha Patel,Delhi,Delhi,North,Small Business
CUST00895,Rohan Reddy,Bhubaneswar,Odisha,East,Small Business
CUST00896,Kavya Singh,Hyderabad,Telangana,South,Small Business
CUST00897,Diya Iyer,Mumbai,Maharashtra,West,Corporate
CUST00898,Riya Singh,Delhi,Delhi,North,Consumer
CUST00899,Vikram Patel,Pune,Maharashtra,West,Small Business
CUST00900,Aditya Mehta,Bengaluru,Karnataka,South,Small Business
CUST00901,Rohan Gupta,Ahmedabad,Gujarat,West,Consumer
CUST00902,Isha Verma,Pune,Maharashtra,West,Small Business
CUST00903,Meera Rao,Bhubaneswar,Odisha,East,Corporate
CUST00904,Diya Singh,Kolkata,West Bengal,East,Corporate
CUST00905,Riya Verma,Ahmedabad,Gujarat,West,Corporate
CUST00906,Isha Mehta,Chennai,Tamil Nadu,South,Small Business
CUST00907,Aisha Iyer,Kolkata,West Bengal,East,Small Business
CUST00908,Aditya Joshi,Chennai,Tamil Nadu,South,Corporate
CUST00909,Arjun Patel,Pune,Maharashtra,West,Consumer
CUST00910,Rohan Gupta,Patna,Bihar,East,Consumer
CUST00911,Zoya Singh,Delhi,Delhi,North,Small Business
CUST00912,Rahul Mehta,Delhi,Delhi,North,Corporate
CUST00913,Rohan Kumar,Bhubaneswar,Odisha,East,Small Business
CUST00914,Rohan Rao,Chennai,Tamil Nadu,South,Corporate
CUST00915,Aisha Reddy,Chennai,Tamil Nadu,South,Corporate
CUST00916,Isha Mehta,Hyderabad,Telangana,South,Corporate
CUST00917,Aarav Kumar,Chennai,Tamil Nadu,South,Consumer
CUST00918,Sneha Rao,Lucknow,Uttar Pradesh,North,Small Business
CUST00919,Meera Singh,Bhubaneswar,Odisha,East,Corporate
CUST00920,Kavya Malik,Jaipur,Rajasthan,North,Corporate
CUST00921,Rohan Verma,Kolkata,West Bengal,East,Consumer
CUST00922,Karan Khan,Hyderabad,Telangana,South,Corporate
CUST00923,Karan Rao,Pune,Maharashtra,West,Consumer
CUST00924,Isha Mehta,Patna,Bihar,East,Corporate
CUST00925,Sara Rao,Bengaluru,Karnataka,South,Small Business
CUST00926,Arjun Khan,Lucknow,Uttar Pradesh,North,Corporate
CUST00927,Sara Nair,Hyderabad,Telangana,South,Small Business
CUST00928,Isha Rao,Mumbai,Maharashtra,West,Corporate
CUST00929,Arjun Malik,Bhubaneswar,Odisha,East,Consumer
CUST00930,Aisha Nair,Hyderabad,Telangana,South,Corporate
CUST00931,Ananya Gupta,Bengaluru,Karnataka,South,Corporate
CUST00932,Arjun Das,Mumbai,Maharashtra,West,Consumer
CUST00933,Riya Malik,Ahmedabad,Gujarat,West,Small Business
CUST00934,Diya Joshi,Delhi,Delhi,North,Consumer
CUST00935,Diya Reddy,Mumbai,Maharashtra,West,Consumer
CUST00936,Vivaan Mehta,Ahmedabad,Gujarat,West,Small Business
CUST00937,Ananya Mehta,Lucknow,Uttar Pradesh,North,Consumer
CUST00938,Priya Malik,Pune,Maharashtra,West,Corporate
CUST00939,Riya Khan,Lucknow,Uttar Pradesh,North,Small Business
CUST00940,Arjun Reddy,Delhi,Delhi,North,Consumer
CUST00941,Ananya Nair,Bhubaneswar,Odisha,East,Consumer
CUST00942,Rahul Patel,Chennai,Tamil Nadu,South,Small Business
CUST00943,Priya Nair,Mumbai,Maharashtra,West,Small Business
CUST00944,Sneha Kumar,Chennai,Tamil Nadu,South,Small Business
CUST00945,Ananya Joshi,Delhi,Delhi,North,Corporate
CUST00946,Isha Verma,Bhubaneswar,Odisha,East,Consumer
CUST00947,Sneha Rao,Patna,Bihar,East,Corporate
CUST00948,Neha Kumar,Jaipur,Rajasthan,North,Corporate
CUST00949,Riya Sharma,Patna,Bihar,East,Consumer
CUST00950,Isha Joshi,Bhubaneswar,Odisha,East,Small Business
CUST00951,Neha Nair,Bengaluru,Karnataka,South,Small Business
CUST00952,Sneha Patel,Delhi,Delhi,North,Consumer
CUST00953,Meera Khan,Ahmedabad,Gujarat,West,Corporate
CUST00954,Priya Rao,Kolkata,West Bengal,East,Consumer
CUST00955,Riya Nair,Jaipur,Rajasthan,North,Corporate
CUST00956,Vivaan Sharma,Bengaluru,Karnataka,South,Small Business
CUST00957,Isha Sharma,Bengaluru,Karnataka,South,Consumer
CUST00958,Isha Kumar,Hyderabad,Telangana,South,Corporate
CUST00959,Vikram Malik,Chennai,Tamil Nadu,South,Small Business
CUST00960,Aisha Reddy,Pune,Maharashtra,West,Consumer
CUST00961,Neha Khan,Bengaluru,Karnataka,South,Corporate
CUST00962,Rohan Sharma,Delhi,Delhi,North,Small Business
CUST00963,Aisha Malik,Patna,Bihar,East,Consumer
CUST00964,Kavya Joshi,Bengaluru,Karnataka,South,Small Business
CUST00965,Arjun Sharma,Mumbai,Maharashtra,West,Corporate
CUST00966,Aditya Reddy,Kolkata,West Bengal,East,Consumer
CUST00967,Zoya Joshi,Jaipur,Rajasthan,North,Consumer
CUST00968,Aarav Malik,Ahmedabad,Gujarat,West,Consumer
CUST00969,Kavya Malik,Chennai,Tamil Nadu,South,Corporate
CUST00970,Aditya Patel,Delhi,Delhi,North,Consumer
CUST00971,Arjun Verma,Ahmedabad,Gujarat,West,Corporate
CUST00972,Aisha Reddy,Delhi,Delhi,North,Consumer
CUST00973,Rahul Verma,Lucknow,Uttar Pradesh,North,Small Business
CUST00974,Aarav Mehta,Bhubaneswar,Odisha,East,Consumer
CUST00975,Isha Gupta,Patna,Bihar,East,Consumer
CUST00976,Rahul Iyer,Delhi,Delhi,North,Small Business
CUST00977,Isha Nair,Mumbai,Maharashtra,West,Consumer
CUST00978,Arjun Reddy,Bengaluru,Karnataka,South,Small Business
CUST00979,Sneha Gupta,Delhi,Delhi,North,Corporate
CUST00980,Rahul Patel,Pune,Maharashtra,West,Small Business
CUST00981,Aditya Patel,Lucknow,Uttar Pradesh,North,Small Business
CUST00982,Diya Malik,Kolkata,West Bengal,East,Corporate
CUST00983,Aarav Nair,Bhubaneswar,Odisha,East,Corporate
CUST00984,Vikram Rao,Kolkata,West Bengal,East,Small Business
CUST00985,Vikram Malik,Delhi,Delhi,North,Corporate
CUST00986,Vivaan Das,Mumbai,Maharashtra,West,Corporate
CUST00987,Sneha Verma,Mumbai,Maharashtra,West,Corporate
CUST00988,Diya Verma,Lucknow,Uttar Pradesh,North,Consumer
CUST00989,Neha Iyer,Ahmedabad,Gujarat,West,Consumer
CUST00990,Sneha Nair,Kolkata,West Bengal,East,Corporate
CUST00991,Neha Rao,Bhubaneswar,Odisha,East,Consumer
CUST00992,Meera Das,Bengaluru,Karnataka,South,Consumer
CUST00993,Riya Verma,Hyderabad,Telangana,South,Corporate
CUST00994,Vikram Sharma,Hyderabad,Telangana,South,Corporate
CUST00995,Zoya Khan,Bhubaneswar,Odisha,East,Small Business
CUST00996,Zoya Das,Delhi,Delhi,North,Corporate
CUST00997,Sneha Verma,Bhubaneswar,Odisha,East,Small Business
CUST00998,Sara Mehta,Chennai,Tamil Nadu,South,Corporate
CUST00999,Aditya Khan,Bengaluru,Karnataka,South,Small Business
CUST01000,Vikram Das,Chennai,Tamil Nadu,South,Small Business
CUST01001,Priya Singh,Kolkata,West Bengal,East,Small Business
CUST01002,Aditya Khan,Patna,Bihar,East,Corporate
CUST01003,Karan Sharma,Mumbai,Maharashtra,West,Consumer
CUST01004,Kavya Verma,Jaipur,Rajasthan,North,Small Business
CUST01005,Diya Sharma,Pune,Maharashtra,West,Small Business
CUST01006,Rohan Verma,Hyderabad,Telangana,South,Small Business
CUST01007,Rahul Malik,Hyderabad,Telangana,South,Consumer
CUST01008,Meera Gupta,Lucknow,Uttar Pradesh,North,Small Business
CUST01009,Ananya Reddy,Ahmedabad,Gujarat,West,Consumer
CUST01010,Ananya Malik,Bengaluru,Karnataka,South,Consumer
CUST01011,Priya Das,Delhi,Delhi,North,Corporate
CUST01012,Zoya Verma,Pune,Maharashtra,West,Small Business
CUST01013,Riya Joshi,Bengaluru,Karnataka,South,Corporate
CUST01014,Isha Rao,Ahmedabad,Gujarat,West,Consumer
CUST01015,Meera Nair,Kolkata,West Bengal,East,Consumer
CUST01016,Neha Reddy,Pune,Maharashtra,West,Consumer
CUST01017,Riya Joshi,Patna,Bihar,East,Consumer
CUST01018,Karan Malik,Lucknow,Uttar Pradesh,North,Consumer
CUST01019,Vivaan Nair,Hyderabad,Telangana,South,Consumer
CUST01020,Vivaan Kumar,Ahmedabad,Gujarat,West,Corporate
CUST01021,Rahul Reddy,Hyderabad,Telangana,South,Small Business
CUST01022,Kavya Patel,Ahmedabad,Gujarat,West,Consumer
CUST01023,Kavya Iyer,Patna,Bihar,East,Corporate
CUST01024,Ananya Nair,Bengaluru,Karnataka,South,Small Business
CUST01025,Neha Verma,Lucknow,Uttar Pradesh,North,Small Business
CUST01026,Vivaan Reddy,Mumbai,Maharashtra,West,Small Business
CUST01027,Vivaan Singh,Bengaluru,Karnataka,South,Corporate
CUST01028,Aisha Das,Pune,Maharashtra,West,Corporate
CUST01029,Aditya Rao,Jaipur,Rajasthan,North,Consumer
CUST01030,Neha Patel,Pune,Maharashtra,West,Small Business
CUST01031,Aisha Malik,Kolkata,West Bengal,East,Consumer
CUST01032,Isha Gupta,Kolkata,West Bengal,East,Corporate
CUST01033,Vikram Malik,Lucknow,Uttar Pradesh,North,Consumer
CUST01034,Rahul Sharma,Delhi,Delhi,North,Consumer
CUST01035,Karan Rao,Ahmedabad,Gujarat,West,Small Business
CUST01036,Aarav Gupta,Hyderabad,Telangana,South,Small Business
CUST01037,Sneha Nair,Patna,Bihar,East,Small Business
CUST01038,Aisha Verma,Mumbai,Maharashtra,West,Small Business
CUST01039,Karan Singh,Jaipur,Rajasthan,North,Consumer
CUST01040,Rahul Malik,Pune,Maharashtra,West,Consumer
CUST01041,Vivaan Iyer,Mumbai,Maharashtra,West,Small Business
CUST01042,Kavya Malik,Ahmedabad,Gujarat,West,Corporate
CUST01043,Aditya Mehta,Bengaluru,Karnataka,South,Small Business
CUST01044,Rahul Joshi,Delhi,Delhi,North,Consumer
CUST01045,Riya Mehta,Hyderabad,Telangana,South,Corporate
CUST01046,Rahul Patel,Pune,Maharashtra,West,Corporate
CUST01047,Priya Iyer,Delhi,Delhi,North,Small Business
CUST01048,Priya Gupta,Jaipur,Rajasthan,North,Corporate
CUST01049,Karan Verma,Mumbai,Maharashtra,West,Consumer
CUST01050,Riya Verma,Chennai,Tamil Nadu,South,Consumer
CUST01051,Rohan Kumar,Jaipur,Rajasthan,North,Corporate
CUST01052,Kavya Verma,Lucknow,Uttar Pradesh,North,Corporate
CUST01053,Vikram Kumar,Pune,Maharashtra,West,Corporate
CUST01054,Ananya Nair,Bengaluru,Karnataka,South,Consumer
CUST01055,Rohan Das,Bhubaneswar,Odisha,East,Corporate
CUST01056,Diya Sharma,Mumbai,Maharashtra,West,Corporate
CUST01057,Rahul Verma,Patna,Bihar,East,Consumer
CUST01058,Neha Singh,Lucknow,Uttar Pradesh,North,Consumer
CUST01059,Aisha Khan,Chennai,Tamil Nadu,South,Consumer
CUST01060,Sneha Nair,Jaipur,Rajasthan,North,Small Business
CUST01061,Sara Patel,Bengaluru,Karnataka,South,Corporate
CUST01062,Arjun Das,Chennai,Tamil Nadu,South,Consumer
CUST01063,Aarav Sharma,Mumbai,Maharashtra,West,Consumer
CUST01064,Vikram Nair,Delhi,Delhi,North,Corporate
CUST01065,Aditya Mehta,Kolkata,West Bengal,East,Corporate
CUST01066,Aditya Sharma,Bengaluru,Karnataka,South,Consumer
CUST01067,Isha Das,Chennai,Tamil Nadu,South,Consumer
CUST01068,Priya Verma,Hyderabad,Telangana,South,Corporate
CUST01069,Vivaan Reddy,Kolkata,West Bengal,East,Corporate
CUST01070,Sneha Kumar,Hyderabad,Telangana,South,Corporate
CUST01071,Kavya Reddy,Ahmedabad,Gujarat,West,Consumer
CUST01072,Rohan Khan,Pune,Maharashtra,West,Corporate
CUST01073,Rahul Sharma,Kolkata,West Bengal,East,Small Business
CUST01074,Diya Patel,Bhubaneswar,Odisha,East,Corporate
CUST01075,Meera Singh,Lucknow,Uttar Pradesh,North,Corporate
CUST01076,Vivaan Verma,Pune,Maharashtra,West,Corporate
CUST01077,Rahul Singh,Mumbai,Maharashtra,West,Small Business
CUST01078,Zoya Patel,Bhubaneswar,Odisha,East,Small Business
CUST01079,Aarav Singh,Patna,Bihar,East,Corporate
CUST01080,Meera Rao,Jaipur,Rajasthan,North,Corporate
CUST01081,Riya Rao,Ahmedabad,Gujarat,West,Corporate
CUST01082,Ananya Reddy,Hyderabad,Telangana,South,Corporate
CUST01083,Diya Patel,Hyderabad,Telangana,South,Corporate
CUST01084,Vivaan Das,Jaipur,Rajasthan,North,Small Business
CUST01085,Neha Das,Kolkata,West Bengal,East,Consumer
CUST01086,Rohan Verma,Mumbai,Maharashtra,West,Small Business
CUST01087,Karan Khan,Lucknow,Uttar Pradesh,North,Small Business
CUST01088,Vivaan Das,Mumbai,Maharashtra,West,Small Business
CUST01089,Sneha Gupta,Chennai,Tamil Nadu,South,Consumer
CUST01090,Karan Mehta,Ahmedabad,Gujarat,West,Small Business
CUST01091,Neha Iyer,Kolkata,West Bengal,East,Consumer
CUST01092,Neha Mehta,Kolkata,West Bengal,East,Consumer
CUST01093,Riya Patel,Jaipur,Rajasthan,North,Small Business
CUST01094,Aisha Reddy,Jaipur,Rajasthan,North,Consumer
CUST01095,Aditya Sharma,Mumbai,Maharashtra,West,Small Business
CUST01096,Karan Sharma,Lucknow,Uttar Pradesh,North,Corporate
CUST01097,Aarav Gupta,Kolkata,West Bengal,East,Consumer
CUST01098,Rahul Gupta,Patna,Bihar,East,Consumer
CUST01099,Priya Sharma,Hyderabad,Telangana,South,Consumer
CUST01100,Riya Malik,Chennai,Tamil Nadu,South,Consumer
CUST01101,Zoya Nair,Ahmedabad,Gujarat,West,Consumer
CUST01102,Neha Malik,Bhubaneswar,Odisha,East,Corporate
CUST01103,Riya Verma,Ahmedabad,Gujarat,West,Corporate
CUST01104,Priya Reddy,Chennai,Tamil Nadu,South,Small Business
CUST01105,Kavya Das,Bhubaneswar,Odisha,East,Corporate
CUST01106,Priya Reddy,Patna,Bihar,East,Small Business
CUST01107,Diya Das,Ahmedabad,Gujarat,West,Consumer
CUST01108,Riya Nair,Chennai,Tamil Nadu,South,Corporate
CUST01109,Aisha Malik,Patna,Bihar,East,Corporate
CUST01110,Rahul Reddy,Patna,Bihar,East,Consumer
CUST01111,Riya Singh,Kolkata,West Bengal,East,Consumer
CUST01112,Rohan Mehta,Ahmedabad,Gujarat,West,Small Business
CUST01113,Karan Joshi,Kolkata,West Bengal,East,Consumer
CUST01114,Meera Reddy,Ahmedabad,Gujarat,West,Small Business
CUST01115,Aditya Patel,Ahmedabad,Gujarat,West,Corporate
CUST01116,Rohan Joshi,Bengaluru,Karnataka,South,Small Business
CUST01117,Priya Kumar,Hyderabad,Telangana,South,Corporate
CUST01118,Vikram Patel,Patna,Bihar,East,Consumer
CUST01119,Neha Khan,Bengaluru,Karnataka,South,Small Business
CUST01120,Aarav Sharma,Delhi,Delhi,North,Corporate
CUST01121,Kavya Reddy,Delhi,Delhi,North,Corporate
CUST01122,Sneha Gupta,Lucknow,Uttar Pradesh,North,Corporate
CUST01123,Arjun Nair,Jaipur,Rajasthan,North,Small Business
CUST01124,Karan Reddy,Jaipur,Rajasthan,North,Consumer
CUST01125,Vivaan Khan,Hyderabad,Telangana,South,Corporate
CUST01126,Ananya Verma,Bengaluru,Karnataka,South,Corporate
CUST01127,Rohan Iyer,Delhi,Delhi,North,Consumer
CUST01128,Aditya Rao,Bengaluru,Karnataka,South,Corporate
CUST01129,Diya Mehta,Jaipur,Rajasthan,North,Small Business
CUST01130,Aarav Singh,Bhubaneswar,Odisha,East,Consumer
CUST01131,Diya Iyer,Delhi,Delhi,North,Consumer
CUST01132,Vivaan Verma,Ahmedabad,Gujarat,West,Consumer
CUST01133,Vikram Singh,Patna,Bihar,East,Small Business
CUST01134,Sara Khan,Bhubaneswar,Odisha,East,Corporate
CUST01135,Aisha Patel,Bengaluru,Karnataka,South,Consumer
CUST01136,Sneha Mehta,Lucknow,Uttar Pradesh,North,Corporate
CUST01137,Rahul Sharma,Ahmedabad,Gujarat,West,Consumer
CUST01138,Kavya Verma,Pune,Maharashtra,West,Small Business
CUST01139,Diya Kumar,Mumbai,Maharashtra,West,Consumer
CUST01140,Aarav Patel,Chennai,Tamil Nadu,South,Small Business
CUST01141,Aisha Verma,Jaipur,Rajasthan,North,Consumer
CUST01142,Aisha Das,Delhi,Delhi,North,Corporate
CUST01143,Meera Iyer,Bhubaneswar,Odisha,East,Corporate
CUST01144,Aditya Joshi,Lucknow,Uttar Pradesh,North,Corporate
CUST01145,Rohan Gupta,Delhi,Delhi,North,Corporate
CUST01146,Rohan Kumar,Hyderabad,Telangana,South,Corporate
CUST01147,Isha Kumar,Pune,Maharashtra,West,Consumer
CUST01148,Ananya Mehta,Hyderabad,Telangana,South,Consumer
CUST01149,Arjun Verma,Bhubaneswar,Odisha,East,Corporate
CUST01150,Sara Singh,Kolkata,West Bengal,East,Consumer
CUST01151,Sara Sharma,Delhi,Delhi,North,Small Business
CUST01152,Kavya Rao,Bhubaneswar,Odisha,East,Corporate
CUST01153,Riya Iyer,Mumbai,Maharashtra,West,Corporate
CUST01154,Aisha Verma,Delhi,Delhi,North,Small Business
CUST01155,Vivaan Rao,Kolkata,West Bengal,East,Small Business
CUST01156,Riya Joshi,Kolkata,West Bengal,East,Consumer
CUST01157,Arjun Das,Jaipur,Rajasthan,North,Consumer
CUST01158,Rohan Patel,Mumbai,Maharashtra,West,Consumer
CUST01159,Vivaan Singh,Bengaluru,Karnataka,South,Small Business
CUST01160,Kavya Patel,Bhubaneswar,Odisha,East,Consumer
CUST01161,Diya Khan,Ahmedabad,Gujarat,West,Small Business
CUST01162,Aditya Verma,Delhi,Delhi,North,Small Business
CUST01163,Sneha Rao,Ahmedabad,Gujarat,West,Corporate
CUST01164,Zoya Kumar,Hyderabad,Telangana,South,Small Business
CUST01165,Diya Mehta,Lucknow,Uttar Pradesh,North,Corporate
CUST01166,Arjun Singh,Chennai,Tamil Nadu,South,Consumer
CUST01167,Riya Mehta,Kolkata,West Bengal,East,Consumer
CUST01168,Arjun Mehta,Bengaluru,Karnataka,South,Corporate
CUST01169,Sara Iyer,Ahmedabad,Gujarat,West,Corporate
CUST01170,Ananya Singh,Bhubaneswar,Odisha,East,Corporate
CUST01171,Riya Mehta,Jaipur,Rajasthan,North,Consumer
CUST01172,Rohan Khan,Delhi,Delhi,North,Consumer
CUST01173,Diya Mehta,Bhubaneswar,Odisha,East,Small Business
CUST01174,Sneha Sharma,Delhi,Delhi,North,Corporate
CUST01175,Karan Sharma,Patna,Bihar,East,Corporate
CUST01176,Ananya Iyer,Ahmedabad,Gujarat,West,Consumer
CUST01177,Priya Nair,Pune,Maharashtra,West,Corporate
CUST01178,Ananya Nair,Jaipur,Rajasthan,North,Small Business
CUST01179,Arjun Nair,Mumbai,Maharashtra,West,Consumer
CUST01180,Aisha Malik,Jaipur,Rajasthan,North,Corporate
CUST01181,Ananya Malik,Delhi,Delhi,North,Small Business
CUST01182,Aditya Patel,Jaipur,Rajasthan,North,Consumer
CUST01183,Kavya Malik,Jaipur,Rajasthan,North,Small Business
CUST01184,Neha Nair,Hyderabad,Telangana,South,Small Business
CUST01185,Rohan Verma,Pune,Maharashtra,West,Small Business
CUST01186,Zoya Singh,Chennai,Tamil Nadu,South,Small Business
CUST01187,Riya Sharma,Chennai,Tamil Nadu,South,Consumer
CUST01188,Vikram Nair,Hyderabad,Telangana,South,Consumer
CUST01189,Vivaan Kumar,Hyderabad,Telangana,South,Corporate
CUST01190,Vikram Khan,Ahmedabad,Gujarat,West,Corporate
CUST01191,Zoya Singh,Bhubaneswar,Odisha,East,Consumer
CUST01192,Aarav Patel,Ahmedabad,Gujarat,West,Corporate
CUST01193,Diya Kumar,Chennai,Tamil Nadu,South,Corporate
CUST01194,Riya Rao,Ahmedabad,Gujarat,West,Corporate
CUST01195,Rohan Nair,Pune,Maharashtra,West,Small Business
CUST01196,Aditya Khan,Hyderabad,Telangana,South,Corporate
CUST01197,Vivaan Reddy,Kolkata,West Bengal,East,Consumer
CUST01198,Karan Joshi,Mumbai,Maharashtra,West,Small Business
CUST01199,Vikram Khan,Bhubaneswar,Odisha,East,Corporate
CUST01200,Zoya Sharma,Bhubaneswar,Odisha,East,Consumer
